Product,Your cost (KES),Profit added,Website price (KES)
Anna f1 500 seeds,3500,1500,5000
Anna f1 1000 seeds,6795,3000,9795
Ansal f1 5 grams,3900,1500,5400
Ansal f1 10 grams,7100,3000,10100
Ansal f1 25 grams,17150,4000,21150
Drd 8551 f1 1000 seeds,2220,1500,3720
Drd 8551 f1 50 grams,33765,5000,38765
Maxi Kitchen Garden Seed Pack,2000,1500,3500
Neptune f1 500 grams,12400,4000,16400
Neptune Onion Hybrid F1,12500,4000,16500
Neptune f1 1 kg,24510,5000,29510
Sungura 301 Maize Seed,950,700,1650
Zara f1 10 grams,3550,1500,5050
Zara f1 25 grams,8600,3000,11600
Zara f1 50 grams,16500,4000,20500
Ambar 480SC 50ml,290,700,990
Ambar 480SC 200ml,905,700,1605
Ambar 480SC 500ml,1600,700,2300
Bamako 700WG 30 grams,440,700,1140
Belt SC 480 50ml,850,700,1550
Belt SC 480 1 Litre,16150,4000,20150
Bigo 400SC 250ml,1800,700,2500
Bigo 400SC 500ml,3250,1500,4750
Confidor SL 200 50ml,695,700,1395
Imaxi 200SC 25ml,190,700,890
Imaxi 200SC 100ml,590,700,1290
Imaxi 200SC 500ml,2450,1500,3950
Infinito SC 687.5 500ml,2055,1500,3555
Infinito SC 687.5 1 Litre,4090,1500,5590
Jackpot 50EC 25ml,100,700,800
Jackpot 50EC 50ml,170,700,870
Jackpot 50EC 100ml,310,700,1010
Jackpot 50EC 500ml,1035,700,1735
Jackpot 50EC 1 Litre,1990,700,2690
Luna Sensation SC500 100ml,1260,700,1960
Maize Pro 500SC Selective Herbicide,2300,1500,3800
Maize Pro 500SC Selective Herbicide (Large),10500,4000,14500
Milor 720WP 500 grams,885,700,1585
Radiant 120SC 50ml,1450,700,2150
Radiant 120SC 100ml,2800,1500,4300
Radiant 120SC 250ml,6600,3000,9600
Rapid 120EC 100ml,750,700,1450
Rodazim 50SC 50ml,170,700,870
Rodazim 50SC 500ml,980,700,1680
Rodazim 50SC 1 Litre,1935,700,2635
Romectin 1.8EC 100ml,610,700,1310
Romectin 1.8EC 250ml,1235,700,1935
Romectin 1.8EC 1 Litre,4040,1500,5540
Roundup Turbo 1 Litre,910,700,1610
Roundup Turbo 20 Litres,17300,4000,21300
Thunder 145 OD 100ml,640,700,1340
Thunder 145 OD 1 Litre,4280,1500,5780
Afrikelp 80ml,100,700,800
Afrikelp 500ml,580,700,1280
EM-1 Effective Micro-organisms,450,700,1150
Harmony 250ml,400,700,1100
Harmony 1 Litre,1000,700,1700
Nutriplant Organic Plus Fertilizer,3900,1500,5400
Optimizer Organic Bio-Fertilizer,2000,1500,3500
Wuxal Macromix 10 Litres,8999,3000,11999
Actellic 50EC Insecticide,1500,700,2200
Bedlam 200SL Insecticide,850,700,1550
Bi-Pronex Cockroach Gel,5500,3000,8500
Biodigester 500g,250,700,950
Biodigester 1kg,500,700,1200
Boric Acid 500g,500,700,1200
Boric Acid 1kg,950,700,1650
Chali Dudu Dust Powder,200,700,900
Chali Dudu Powder,300,700,1000
Diazinon 600EW (Neocidol),200,700,900
Fendona 60SC Insecticide 250ml,1900,700,2600
Fendona 60SC Insecticide 1 Litre,6500,3000,9500
Grenade 20ml,90,700,790
Grenade 100ml,350,700,1050
Grenade 500ml,1975,700,2675
Grenade 5 Litres,12500,4000,16500
Hy-Propit Digester 250g,300,700,1000
K-Othrine WG 250 Insecticide,700,700,1400
Kungunil 200SL Insecticide (Small),450,700,1150
Kungunil 200SL Insecticide (Medium),850,700,1550
Kungunil 200SL Insecticide 1 Litre,5500,3000,8500
Mchwatox 350SC Termicide,6500,3000,9500
Metro 200SC 25ml,410,700,1110
Metro 200SC 50ml,815,700,1515
Metro 200SC 5 Litres,63699,5000,68699
Mos-N-Roach 100EC Pesticide (Small),600,700,1300
Mos-N-Roach 100EC Insecticide 1 Litre,4500,1500,6000
Navigator 100SC Insecticide,7500,3000,10500
Promax 20EC 100ml Insecticide,1400,700,2100
Promax 20EC Insecticide (Medium),2500,1500,4000
Promax 20EC Insecticide (Large),6500,3000,9500
Roachgon Cockroach Gel (Small),400,700,1100
Roachgon Cockroach Gel (Large),600,700,1300
Termidor 96SC Termicide,5500,3000,8500
Diamond V XPC 400g,320,700,1020
Kupakula Advanced 2 kg,318,700,1018
Kupakula Advanced 5 kg,755,700,1455
Kupakula Advanced 20 kg,2640,1500,4140
Lipidol 1 kg,1105,700,1805
Lipidol 20 kg,16855,4000,20855
Maclik Mineral Brick 2 kg,199,700,899
Maclik Beef 2 kg,200,700,900
Maclik Dry Cow 1 kg,200,700,900
Maclik Beef 5 kg,500,700,1200
Maclik Mineral Brick 5 kg,595,700,1295
Maclik Beef 20 kg,1730,700,2430
Maclik Beef 25 kg,1855,700,2555
Maclik XP 10 kg,2120,1500,3620
Natuzyme 20 kg,14000,4000,18000
Trilk Premium 5 kg,1700,700,2400
Trilk Premium 25 kg,7500,3000,10500
Bactergent 1 Litre,275,700,975
CKL Milking Salve 50 grams,45,700,745
CKL Milking Salve 100 grams,80,700,780
CKL Milking Salve 250 grams,175,700,875
CKL Milking Salve 400 grams,260,700,960
CKL Milking Salve 2 kg,1155,700,1855
Kupacide Disinfectant 5 Litres,5075,3000,8075
Nefluk 10% 40ml,130,700,830
Nefluk 2.5% 125ml,155,700,855
Nefluk 10% 125ml,285,700,985
Nefluk 10% 250ml,475,700,1175
Nefluk 10% 1 Litre,1870,700,2570
Nilverm 150ml,120,700,820
Nilzan Bolus 6 grams Tablet,85,700,785
